{"cameraMode":{"drawMode":0,"name":"Shaded","section":"Shading Mode"},"sceneLighting":false,"audioPlay":false,"sceneViewState":{"m_AlwaysRefresh":false,"showFog":true,"showSkybox":false,"showFlares":true,"showImageEffects":true,"showParticleSystems":true,"showVisualEffectGraphs":true,"m_FxEnabled":true},"in2DMode":false,"pivot":{"x":-5.960464477539063e-7,"y":1.0407719612121583,"z":0.140436053276062},"rotation":{"x":0.2681090235710144,"y":-0.02167402394115925,"z":0.006033490411937237,"w":0.9631263017654419},"size":1.9352563619613648,"orthographic":true}