{"cameraMode":{"drawMode":0,"name":"Shaded","section":"Shading Mode"},"sceneLighting":true,"audioPlay":false,"sceneViewState":{"m_AlwaysRefresh":false,"showFog":true,"showSkybox":true,"showFlares":true,"showImageEffects":true,"showParticleSystems":true,"showVisualEffectGraphs":true,"m_FxEnabled":true},"in2DMode":false,"pivot":{"x":0.3347879648208618,"y":1.834238052368164,"z":103.06484985351563},"rotation":{"x":0.233213871717453,"y":-0.030626380816102029,"z":0.007349517196416855,"w":0.9719172716140747},"size":47.743682861328128,"orthographic":true}