{"cameraMode":{"drawMode":0,"name":"Shaded","section":"Shading Mode"},"sceneLighting":true,"audioPlay":false,"sceneViewState":{"m_AlwaysRefresh":false,"showFog":true,"showSkybox":true,"showFlares":true,"showImageEffects":true,"showParticleSystems":true,"showVisualEffectGraphs":true,"m_FxEnabled":true},"in2DMode":false,"pivot":{"x":-27.322717666625978,"y":3.7196896076202394,"z":-1.17706298828125},"rotation":{"x":0.2681090235710144,"y":-0.02167402394115925,"z":0.006033490411937237,"w":0.9631263017654419},"size":30.89581871032715,"orthographic":true}